post_title,image1,image2,image3,image4,image5,image6,category,
Officiis debitis,p1.jpg,p2.jpg,p3.jpg,p4.jpg,p5.jpg,p6.jpg,Electronic > Smart Phone,1
Dolorum fuga,p3.jpg,p2.jpg,p4.jpg,p5.jpg,p6.jpg,p7.jpg,Electronic > Camera,2
Cillum dolore,p4.jpg,p2.jpg,p5.jpg,p6.jpg,p7.jpg,p8.jpg,Electronic > Watches,3
Sit voluptatem,p5.jpg,p2.jpg,p6.jpg,p7.jpg,p8.jpg,p9.jpg,Electronic > Watches,4
Consequuntur magni,p6.jpg,p2.jpg,p7.jpg,p8.jpg,p9.jpg,p10.jpg,Electronic > Computer,5
Nostrum exercitationem,p7.jpg,p2.jpg,p8.jpg,p9.jpg,p10.jpg,p1.jpg,Electronic > Computer,6
Itaque earum,p8.jpg,p2.jpg,p9.jpg,p10.jpg,p1.jpg,p3.jpg,Electronic > Smart Phone,
Epicuri per,p9.jpg,p2.jpg,p10.jpg,p1.jpg,p3.jpg,p4.jpg,Electronic,
Natus erro,p10.jpg,p2.jpg,p1.jpg,p3.jpg,p4.jpg,p5.jpg,Electronic > Camera,
,,,,,,,,
Nemo enim,p11.jpg,p17.jpg,p12.jpg,p13.jpg,p14.jpg,p15.jpg,Fashion > Clothings,
Laudantium,p12.jpg,p17.jpg,p13.jpg,p14.jpg,p15.jpg,p16.jpg,Fashion > Clothings,
Porro quisquam,p13.jpg,p17.jpg,p14.jpg,p15.jpg,p16.jpg,p18.jpg,Fashion > Clothings,
Duis pulvinar,p14.jpg,p17.jpg,p15.jpg,p16.jpg,p18.jpg,p19.jpg,Fashion > Clothings,
Nullam maximus,p15.jpg,p17.jpg,p16.jpg,p18.jpg,p19.jpg,p20.jpg,Fashion > Clothings,
Donec eu libero,p16.jpg,p17.jpg,p18.jpg,p19.jpg,p20.jpg,p21.jpg,Fashion > Clothings,
Eodem modo,p18.jpg,p17.jpg,p19.jpg,p20.jpg,p21.jpg,p22.jpg,Fashion > Shoes & Bag,
Mirum est notare,p19.jpg,p17.jpg,p20.jpg,p21.jpg,p22.jpg,p23.jpg,Fashion > Shoes & Bag,
Mauris tincidunt,p20.jpg,p17.jpg,p21.jpg,p22.jpg,p23.jpg,p24.jpg,Fashion > Shoes & Bag,
Suspendisse ut odio,p21.jpg,p17.jpg,p22.jpg,p23.jpg,p24.jpg,p25.jpg,Fashion > Shoes & Bag,
Vestibulum suscipit,p22.jpg,p17.jpg,p23.jpg,p24.jpg,p25.jpg,p26.jpg,Fashion > Shoes & Bag,
Pellentesque ultricies,p23.jpg,p17.jpg,p24.jpg,p25.jpg,p26.jpg,p27.jpg,Fashion > Shoes & Bag,
Cras neque,p24.jpg,p17.jpg,p25.jpg,p26.jpg,p27.jpg,p11.jpg,Fashion > Shoes & Bag,
Sed tempor,p25.jpg,p17.jpg,p26.jpg,p27.jpg,p11.jpg,p12.jpg,Fashion > Shoes & Bag,
Donec tempus,p26.jpg,p17.jpg,p27.jpg,p11.jpg,p12.jpg,p13.jpg,Fashion > Shoes & Bag,
Cras neque metus,p27.jpg,p17.jpg,p11.jpg,p12.jpg,p13.jpg,p14.jpg,Fashion > Shoes & Bag,
,,,,,,,,
Fusce ultricies,p26.jpg,p35.jpg,p27.jpg,p28.jpg,p29.jpg,p30.jpg,Furniture> Badroom,
Morbi ornare,p27.jpg,p35.jpg,p28.jpg,p29.jpg,p30.jpg,p31.jpg,Furniture> Bebroom,
Ornare sed consequat,p28.jpg,p35.jpg,p29.jpg,p30.jpg,p31.jpg,p32.jpg,Furniture> Bed,
Condimentum posuere,p29.jpg,p35.jpg,p30.jpg,p31.jpg,p32.jpg,p33.jpg,Furniture> Bed,
Aliquam lobortis,p30.jpg,p35.jpg,p31.jpg,p32.jpg,p33.jpg,p34.jpg,Furniture> Desk,
Dignissim venenatis,p31.jpg,p35.jpg,p32.jpg,p33.jpg,p34.jpg,p26.jpg,Furniture> Lamp,
Aliquam lobortis est,p32.jpg,p35.jpg,p33.jpg,p34.jpg,p26.jpg,p27.jpg,Furniture> Living Room,
Vulputate justo,p33.jpg,p35.jpg,p34.jpg,p26.jpg,p27.jpg,p28.jpg,Furniture> Sofa,
Kaoreet lobortis,p34.jpg,p35.jpg,p26.jpg,p27.jpg,p28.jpg,p29.jpg,Furniture> Badroom,
